SeniorCitizen,tenure,MonthlyCharges,TotalCharges,gender_Male,Partner_Yes,Dependents_Yes,PhoneService_Yes,MultipleLines_No phone service,MultipleLines_Yes,InternetService_Fiber optic,InternetService_No,OnlineSecurity_No internet service,OnlineSecurity_Yes,OnlineBackup_No internet service,OnlineBackup_Yes,DeviceProtection_No internet service,DeviceProtection_Yes,TechSupport_No internet service,TechSupport_Yes,StreamingTV_No internet service,StreamingTV_Yes,StreamingMovies_No internet service,StreamingMovies_Yes,Contract_One year,Contract_Two year,PaperlessBilling_Yes,PaymentMethod_Credit card (automatic),PaymentMethod_Electronic check,PaymentMethod_Mailed check,true,pred,proba
0,3,74.55,233.65,False,False,False,True,False,False,True,False,False,True,False,False,False,False,False,False,False,False,False,False,False,False,True,False,True,False,0,1,0.7922462238372278
0,25,95.15,2395.7,False,True,False,True,False,False,True,False,False,False,False,False,False,False,False,True,False,True,False,True,False,False,True,False,True,False,0,1,0.7818504808610267
0,1,69.9,69.9,True,False,False,True,False,False,True,False,False,False,False,False,False,False,False,False,False,False,False,False,False,False,True,False,True,False,0,1,0.8666363432905618
0,3,74.95,212.4,False,False,False,True,False,True,True,False,False,False,False,False,False,False,False,False,False,False,False,False,False,False,True,False,True,False,0,1,0.8787140973917519
1,60,99.0,6017.9,True,True,False,True,False,True,True,False,False,False,False,False,False,False,False,True,False,True,False,True,False,False,True,False,True,False,0,1,0.7210151208712645
0,12,79.55,958.25,False,False,False,True,False,True,True,False,False,False,False,False,False,False,False,True,False,False,False,False,False,False,True,True,False,False,0,1,0.7281016636523997
0,5,84.0,424.75,False,False,False,True,False,True,True,False,False,False,False,False,False,False,False,False,False,True,False,False,False,False,True,False,True,False,0,1,0.8907202220371557
0,10,79.85,797.25,True,False,False,True,False,True,True,False,False,False,False,True,False,False,False,False,False,False,False,False,False,False,False,False,True,False,0,1,0.7818396863652166
0,3,75.3,244.1,False,False,False,True,False,False,False,False,False,False,False,True,False,False,False,True,False,True,False,True,False,False,True,False,True,False,0,1,0.7225249060190784
1,1,74.3,74.3,True,True,False,True,False,True,True,False,False,False,False,False,False,False,False,False,False,False,False,False,False,False,False,False,True,False,0,1,0.8666510606857124
0,3,70.15,194.2,False,False,False,True,False,False,True,False,False,False,False,False,False,False,False,False,False,False,False,False,False,False,True,False,True,False,0,1,0.8514779307996508
0,15,84.35,1302.65,False,False,False,True,False,True,True,False,False,True,False,False,False,True,False,False,False,False,False,False,False,False,True,True,False,False,0,1,0.6883901497576294
0,3,69.95,220.45,False,False,False,True,False,False,False,False,False,False,False,False,False,True,False,False,False,True,False,True,True,False,True,False,True,False,0,1,0.663283981526154
0,22,100.05,2090.25,True,True,True,True,False,False,True,False,False,False,False,True,False,True,False,False,False,True,False,True,True,False,True,False,False,True,0,1,0.5376289562195045
0,1,50.15,50.15,False,False,False,True,False,False,False,False,False,True,False,False,False,False,False,False,False,False,False,False,False,False,False,False,True,False,0,1,0.5832168316636622
1,30,101.3,2974.5,False,False,True,True,False,True,True,False,False,False,False,False,False,False,False,True,False,True,False,True,False,False,True,False,True,False,0,1,0.7791409965100591
0,1,55.05,55.05,True,False,False,True,False,False,False,False,False,False,False,False,False,True,False,True,False,False,False,False,False,False,False,False,False,True,0,1,0.5163307078002396
1,4,48.75,179.85,False,False,False,True,False,True,False,False,False,False,False,False,False,False,False,False,False,False,False,False,False,False,False,False,False,True,0,1,0.6748258532679781
0,25,105.5,2686.05,True,False,False,True,False,False,True,False,False,True,False,False,False,True,False,True,False,True,False,True,False,False,True,False,True,False,0,1,0.7108014081616757
0,16,75.4,1189.4,True,True,False,True,False,True,True,False,False,False,False,False,False,False,False,False,False,False,False,False,False,False,True,False,True,False,0,1,0.8362997776498764
0,30,94.3,2679.7,True,False,False,True,False,True,True,False,False,True,False,True,False,False,False,False,False,False,False,True,False,False,True,True,False,False,0,1,0.6499683340308525
1,7,48.2,340.35,False,False,False,True,False,False,False,False,False,True,False,False,False,False,False,False,False,False,False,False,False,False,True,False,True,False,0,1,0.6664434544962308
0,18,95.95,1745.5,False,True,False,True,False,False,True,False,False,False,False,False,False,True,False,False,False,True,False,True,False,False,True,True,False,False,0,1,0.7908544211261067
0,9,24.95,190.25,True,False,False,False,True,False,False,False,False,False,False,False,False,False,False,False,False,False,False,False,False,False,True,False,True,False,0,1,0.7827554945427794
0,11,58.95,601.6,False,False,False,True,False,True,False,False,False,False,False,False,False,False,False,False,False,False,False,True,False,False,True,False,False,True,0,1,0.7301484584659782
0,46,105.2,4822.85,False,False,True,True,False,False,True,False,False,True,False,True,False,False,False,True,False,True,False,True,True,False,True,False,False,False,1,0,0.2388476800295137
0,1,50.75,50.75,True,False,False,True,False,True,False,False,False,False,False,False,False,False,False,False,False,False,False,False,False,False,False,False,False,True,0,1,0.6682941526409746
0,1,20.05,20.05,True,False,False,True,False,False,False,True,True,False,True,False,True,False,True,False,True,False,True,False,False,False,False,False,False,False,1,0,0.37325713803403476
0,9,99.3,918.75,True,False,False,True,False,True,True,False,False,False,False,True,False,False,False,False,False,True,False,True,False,False,True,True,False,False,0,1,0.8537239428561139
0,53,60.45,3184.25,True,True,False,False,True,False,False,False,False,False,False,True,False,True,False,True,False,True,False,True,True,False,True,False,True,False,1,0,0.2506919841826829
0,1,49.95,49.95,False,False,False,True,False,False,False,False,False,False,False,True,False,False,False,False,False,False,False,False,False,False,False,False,True,False,0,1,0.6430948780678153
0,1,79.15,79.15,False,False,False,True,False,True,True,False,False,False,False,True,False,False,False,False,False,False,False,False,False,False,True,False,False,True,0,1,0.8246792834877797
0,44,84.8,3626.35,True,True,False,True,False,True,True,False,False,True,False,False,False,True,False,False,False,False,False,False,False,False,True,True,False,False,0,1,0.5015655494103893
0,26,85.75,2146.5,True,False,False,True,False,False,True,False,False,False,False,True,False,False,False,False,False,True,False,False,False,False,True,False,True,False,0,1,0.7521748312091646
0,2,56.7,113.55,True,True,True,True,False,True,False,False,False,True,False,False,False,False,False,False,False,False,False,False,False,False,False,False,False,True,1,0,0.4849878769539202
0,9,79.75,769.1,False,True,False,True,False,False,True,False,False,False,False,False,False,False,False,False,False,False,False,True,False,False,True,False,True,False,0,1,0.8671402688106712
1,67,101.4,6841.05,True,False,False,True,False,True,True,False,False,False,False,False,False,True,False,False,False,True,False,True,False,False,True,True,False,False,0,1,0.6596132203280801
0,22,84.15,1821.95,False,False,False,True,False,True,True,False,False,False,False,False,False,False,False,False,False,True,False,False,False,False,True,False,False,False,0,1,0.7735623940391483
0,26,85.9,2196.45,False,True,False,True,False,False,True,False,False,False,False,False,False,False,False,True,False,False,False,True,False,False,False,True,False,False,0,1,0.5605239491951395
0,9,93.0,870.25,False,False,True,True,False,False,True,False,False,True,False,False,False,True,False,True,False,False,False,True,False,False,False,False,False,False,0,1,0.5124731212051346
1,65,104.35,6578.55,True,True,False,True,False,True,True,False,False,False,False,True,False,True,False,False,False,True,False,True,False,False,True,False,True,False,0,1,0.7208338979776662
1,16,78.75,1218.25,True,False,False,True,False,False,True,False,False,False,False,False,False,False,False,False,False,False,False,True,False,False,True,False,True,False,0,1,0.8671743173883111
1,11,111.4,1183.05,True,False,False,True,False,True,True,False,False,False,False,True,False,True,False,True,False,True,False,True,False,False,True,False,True,False,0,1,0.8569611370892702
0,1,43.95,43.95,False,False,False,True,False,False,False,False,False,False,False,False,False,False,False,False,False,False,False,False,False,False,False,True,False,False,0,1,0.5996561160853568
0,48,95.5,4627.85,False,False,True,True,False,False,True,False,False,False,False,True,False,True,False,True,False,True,False,False,False,True,True,False,False,True,1,0,0.14013484707336596
0,38,69.5,2625.25,True,False,False,True,False,False,True,False,False,False,False,False,False,False,False,False,False,False,False,False,False,False,True,True,False,False,0,1,0.5817515353055823
0,4,60.4,272.15,False,False,False,True,False,False,False,False,False,True,False,True,False,False,False,True,False,False,False,False,False,False,True,False,False,True,1,0,0.4359364366106542
0,52,95.65,5088.4,True,True,False,True,False,True,True,False,False,False,False,True,False,False,False,True,False,False,False,True,False,False,True,True,False,False,0,1,0.5489045831628583
0,1,50.75,50.75,True,False,False,True,False,False,False,False,False,True,False,False,False,False,False,False,False,False,False,False,False,False,True,False,False,True,0,1,0.6044060646885968
0,1,84.6,84.6,False,False,False,True,False,True,True,False,False,False,False,False,False,False,False,False,False,True,False,False,False,False,True,False,True,False,0,1,0.8994383238630823
0,8,44.45,369.3,False,False,False,True,False,False,False,False,False,False,False,False,False,False,False,False,False,False,False,False,False,False,False,False,False,True,0,1,0.5485888519008136
1,56,104.75,5841.35,False,False,False,True,False,True,True,False,False,False,False,True,False,True,False,False,False,True,False,True,False,False,False,False,True,False,0,1,0.6814337138710692
0,62,102.0,6529.25,True,False,False,True,False,True,True,False,False,True,False,True,False,False,False,True,False,False,False,True,True,False,False,False,True,False,1,0,0.24396175318411145
0,25,69.75,1729.35,True,False,False,True,False,False,True,False,False,False,False,False,False,False,False,False,False,False,False,False,False,False,False,False,True,False,0,1,0.6779367297104799
0,2,24.3,38.45,True,False,False,False,True,False,False,False,False,False,False,False,False,False,False,False,False,False,False,False,False,False,False,False,False,True,0,1,0.7094718201650347
0,3,90.7,237.65,True,False,False,True,False,False,True,False,False,False,False,False,False,False,False,False,False,True,False,True,False,False,False,False,False,True,0,1,0.8161585046601827
1,14,95.6,1273.3,True,False,False,True,False,True,True,False,False,False,False,False,False,False,False,False,False,True,False,True,False,False,True,False,True,False,0,1,0.9090698132095331
0,19,25.15,468.35,True,False,False,False,True,False,False,False,False,False,False,False,False,False,False,False,False,False,False,False,False,False,True,False,False,False,0,1,0.6137539886255015
1,43,55.55,2342.2,False,True,False,False,True,False,False,False,False,False,False,True,False,True,False,False,False,True,False,True,False,False,False,True,False,False,1,0,0.4050511074629794
1,2,49.95,107.1,True,False,False,True,False,False,False,False,False,False,False,False,False,True,False,False,False,False,False,False,False,False,False,False,False,True,0,1,0.6316371129687414
1,26,78.8,2006.1,False,False,False,True,False,False,True,False,False,False,False,False,False,False,False,False,False,False,False,True,False,False,True,False,True,False,0,1,0.822735556955288
0,1,25.35,25.35,True,False,False,False,True,False,False,False,False,False,False,False,False,False,False,False,False,False,False,False,False,False,False,False,False,True,0,1,0.7133534236668357
0,1,50.05,50.05,True,False,True,True,False,True,False,False,False,False,False,False,False,False,False,False,False,False,False,False,False,False,True,False,True,False,0,1,0.7622349060293223
0,21,84.1,1737.45,True,False,False,True,False,True,True,False,False,False,False,False,False,False,False,False,False,False,False,True,False,False,True,False,True,False,0,1,0.8624135107223257
0,17,25.65,440.2,True,False,False,False,True,False,False,False,False,False,False,False,False,False,False,False,False,False,False,False,False,False,True,False,False,True,0,1,0.6464922326031067
0,31,104.35,3205.6,False,False,False,True,False,True,True,False,False,True,False,True,False,False,False,False,False,True,False,True,False,False,False,False,True,False,0,1,0.6907464172297072
0,6,59.15,336.7,True,False,False,True,False,False,False,False,False,True,False,False,False,False,False,False,False,False,False,True,False,False,True,False,False,False,0,1,0.6226192560043965
0,22,95.1,2162.6,True,False,False,True,False,True,True,False,False,False,False,False,False,False,False,False,False,True,False,True,False,False,True,False,True,False,0,1,0.8816623274414872
0,2,60.85,111.4,False,False,False,True,False,False,False,False,False,False,False,False,False,True,False,False,False,False,False,True,False,False,False,False,True,False,0,1,0.7149522173246549
1,6,74.1,450.9,False,False,False,True,False,False,True,False,False,True,False,False,False,False,False,False,False,False,False,False,False,False,True,False,True,False,0,1,0.8028205720060261
0,45,95.95,4456.65,True,True,True,True,False,True,True,False,False,False,False,True,False,True,False,False,False,False,False,True,False,False,True,False,False,False,0,1,0.5985748074729103
1,31,90.7,2835.5,False,True,False,True,False,True,True,False,False,False,False,False,False,True,False,False,False,True,False,False,True,False,True,False,True,False,0,1,0.6711396673124365
1,20,80.7,1614.2,False,False,False,True,False,False,True,False,False,False,False,False,False,False,False,False,False,True,False,False,False,False,False,False,False,False,0,1,0.684126303605937
0,6,70.55,433.95,False,False,False,True,False,False,True,False,False,False,False,False,False,False,False,False,False,False,False,False,False,False,False,True,False,False,0,1,0.705753410843354
0,10,55.2,528.35,False,True,True,True,False,False,False,False,False,False,False,False,False,True,False,True,False,False,False,False,False,False,False,True,False,False,1,0,0.34402997883934056
0,16,79.95,1267.95,False,True,True,True,False,True,True,False,False,False,False,True,False,False,False,False,False,False,False,False,False,False,True,True,False,False,0,1,0.6824229226920202
0,61,94.1,5638.3,True,True,False,True,False,True,True,False,False,False,False,True,False,False,False,True,False,True,False,False,False,True,True,False,True,False,1,0,0.2280692562943998
0,31,71.05,2168.15,True,False,False,True,False,True,False,False,False,False,False,True,False,False,False,True,False,True,False,False,False,False,True,False,True,False,0,1,0.5166839292351799
0,19,45.0,865.85,True,False,False,True,False,False,False,False,False,False,False,False,False,False,False,False,False,False,False,False,False,False,True,False,False,False,0,1,0.5348158661969292
0,4,61.45,229.55,True,True,True,True,False,False,False,False,False,False,False,False,False,False,False,True,False,False,False,True,False,False,False,True,False,False,1,0,0.4827088006342775
1,15,94.65,1285.05,False,True,False,True,False,False,True,False,False,False,False,True,False,False,False,False,False,True,False,True,False,False,True,False,True,False,0,1,0.8597482090961621
0,17,98.6,1704.95,False,True,True,True,False,False,True,False,False,False,False,False,False,True,False,True,False,True,False,True,True,False,False,False,False,False,1,0,0.41631809216911747
1,8,74.05,600.15,False,False,False,True,False,False,True,False,False,False,False,False,False,True,False,False,False,False,False,False,False,False,True,False,False,False,0,1,0.7889201212961953
0,61,106.0,6547.7,True,True,True,True,False,True,True,False,False,True,False,True,False,False,False,False,False,True,False,True,True,False,True,False,True,False,1,0,0.39143115227640746
1,40,99.2,4062.2,False,True,False,True,False,False,True,False,False,False,False,True,False,False,False,True,False,True,False,True,True,False,True,True,False,False,1,0,0.45024265985803485
0,48,103.85,4946.05,False,False,False,True,False,True,True,False,False,False,False,False,False,True,False,True,False,True,False,True,False,False,True,False,True,False,0,1,0.7317666143223847
0,26,84.3,2281.6,True,False,False,True,False,True,True,False,False,False,False,False,False,True,False,True,False,False,False,False,False,False,True,False,False,True,0,1,0.6672614113762763
0,20,108.2,2203.7,True,False,False,True,False,False,True,False,False,True,False,True,False,True,False,True,False,True,False,True,False,False,True,False,False,False,0,1,0.6225908594939661
0,2,55.3,108.65,True,False,True,True,False,False,False,False,False,False,False,False,False,False,False,False,False,False,False,True,False,False,True,False,True,False,0,1,0.7631346598780587
0,23,75.3,1702.9,False,True,True,True,False,False,True,False,False,False,False,False,False,True,False,False,False,False,False,False,False,False,True,True,False,False,0,1,0.6029456679145436
0,6,85.95,514.6,False,False,False,True,False,False,True,False,False,False,False,True,False,False,False,False,False,False,False,True,False,False,True,False,False,True,0,1,0.8045088897815387
1,9,90.1,816.8,False,False,False,True,False,True,True,False,False,False,False,False,False,True,False,False,False,True,False,False,False,False,True,False,True,False,0,1,0.8861473014525172
0,49,97.95,4917.9,True,True,True,True,False,True,True,False,False,False,False,False,False,False,False,True,False,True,False,True,True,False,True,False,True,False,0,1,0.5149414162655953
0,70,98.3,6859.5,True,True,True,True,False,True,True,False,False,False,False,True,False,False,False,False,False,True,False,True,False,True,False,False,False,False,1,0,0.15060123274606413
0,2,46.6,87.9,True,False,False,True,False,False,False,False,False,False,False,False,False,False,False,False,False,False,False,False,False,False,True,False,False,False,0,1,0.6756430941228401
0,28,64.4,1802.15,True,True,True,True,False,True,False,False,False,False,False,True,False,False,False,False,False,False,False,True,False,False,False,False,True,False,0,1,0.5014663186917728
0,19,59.8,1130.85,False,True,False,True,False,False,False,False,False,False,False,True,False,False,False,False,False,False,False,True,False,False,True,False,False,True,0,1,0.5750758008647608
0,2,50.2,109.25,True,False,False,True,False,False,False,False,False,False,False,False,False,False,False,True,False,False,False,False,False,False,True,True,False,False,0,1,0.6014085158136637
0,7,74.9,490.55,True,False,False,True,False,False,True,False,False,False,False,False,False,True,False,False,False,False,False,False,False,False,True,False,True,False,0,1,0.834431876362328
0,57,112.95,6465.0,False,False,False,True,False,True,True,False,False,True,False,True,False,True,False,False,False,True,False,True,False,True,True,False,False,False,1,0,0.22885282552661268
1,34,75.55,2425.4,True,True,False,True,False,True,True,False,False,False,False,False,False,False,False,False,False,False,False,False,False,False,True,False,True,False,0,1,0.7698357889582036
1,38,102.6,4009.2,True,True,False,True,False,True,True,False,False,False,False,True,False,True,False,False,False,True,False,True,False,False,True,False,True,False,0,1,0.839328680657288
0,22,80.15,1790.65,False,True,True,True,False,False,True,False,False,False,False,False,False,False,False,False,False,False,False,True,False,False,True,False,True,False,0,1,0.7732111801780018
0,15,49.0,749.25,True,False,False,True,False,True,False,False,False,False,False,False,False,False,False,False,False,False,False,False,False,False,True,False,True,False,0,1,0.7209041218791852
0,28,90.45,2509.25,False,True,True,True,False,True,True,False,False,False,False,False,False,False,False,True,False,False,False,True,True,False,True,False,True,False,0,1,0.552721827334167
0,2,19.85,35.9,True,True,True,True,False,False,False,True,True,False,True,False,True,False,True,False,True,False,True,False,True,False,False,False,False,True,1,0,0.17837155631372015
0,4,56.4,234.85,True,False,False,True,False,False,False,False,False,False,False,False,False,False,False,False,False,True,False,False,False,False,True,False,True,False,0,1,0.7699011987141476
1,7,51.3,419.35,False,False,False,True,False,False,False,False,False,False,False,True,False,False,False,False,False,False,False,False,False,False,True,False,False,True,0,1,0.6341766670221308
0,10,78.15,765.15,False,True,False,True,False,True,True,False,False,True,False,False,False,False,False,False,False,False,False,False,False,False,True,True,False,False,0,1,0.7296759675056597
1,28,35.9,973.65,False,True,True,False,True,False,False,False,False,False,False,False,False,False,False,False,False,True,False,False,False,False,True,False,True,False,0,1,0.618603227501332
0,24,85.95,2107.15,True,False,False,True,False,False,True,False,False,False,False,True,False,True,False,True,False,False,False,False,False,False,True,False,True,False,0,1,0.6518043990583849
0,10,67.8,653.15,False,True,False,True,False,False,False,False,False,False,False,False,False,True,False,False,False,True,False,True,False,False,True,True,False,False,0,1,0.7033163046122312
1,28,110.85,3204.4,False,True,False,True,False,True,True,False,False,False,False,True,False,True,False,True,False,True,False,True,False,False,True,False,True,False,0,1,0.8080924531663451
1,38,94.75,3653.0,True,False,False,True,False,True,True,False,False,False,False,False,False,False,False,False,False,True,False,True,False,False,False,False,True,False,0,1,0.79931734430943
0,27,95.0,2462.55,False,True,False,True,False,True,True,False,False,False,False,False,False,False,False,False,False,True,False,True,False,False,False,True,False,False,0,1,0.7329048381058813
0,18,75.6,1395.05,True,False,False,True,False,True,True,False,False,False,False,False,False,False,False,False,False,False,False,False,False,False,True,False,False,False,0,1,0.7672840154751328
1,8,64.4,581.7,True,True,False,True,False,False,False,False,False,False,False,False,False,True,False,True,False,False,False,True,False,False,True,True,False,False,0,1,0.645964957689225
0,1,25.25,25.25,False,False,False,False,True,False,False,False,False,False,False,False,False,False,False,False,False,False,False,False,False,False,False,False,True,False,0,1,0.7671270392505897
1,40,79.2,3233.85,False,False,False,True,False,False,True,False,False,True,False,True,False,False,False,False,False,False,False,False,False,False,True,True,False,False,1,0,0.46795187488192796
0,51,93.8,4539.35,False,True,True,True,False,True,True,False,False,True,False,True,False,False,False,False,False,False,False,True,False,False,True,False,True,False,0,1,0.5386314340550217
0,9,70.05,564.4,True,True,False,True,False,False,False,False,False,False,False,False,False,True,False,False,False,True,False,True,False,False,True,False,False,True,0,1,0.7207488589703422
0,1,19.3,19.3,True,False,False,True,False,False,False,True,True,False,True,False,True,False,True,False,True,False,True,False,False,False,True,False,False,True,1,0,0.4859836477895293
1,1,45.2,45.2,True,False,False,True,False,False,False,False,False,False,False,False,False,False,False,False,False,False,False,False,False,False,False,False,True,False,0,1,0.7240630436575972
0,3,55.8,154.55,True,True,False,True,False,False,False,False,False,False,False,False,False,True,False,True,False,False,False,False,False,False,True,False,False,True,0,1,0.586551164537194
0,8,65.5,573.15,False,False,False,True,False,True,False,False,False,True,False,True,False,True,False,False,False,False,False,False,False,False,True,False,False,False,0,1,0.5192572281474546
0,60,106.15,6411.25,False,True,False,True,False,True,True,False,False,False,False,True,False,True,False,False,False,True,False,True,False,False,True,False,True,False,0,1,0.7124923070768358
0,6,90.75,512.25,False,True,False,True,False,True,True,False,False,False,False,True,False,False,False,False,False,False,False,True,False,False,True,False,True,False,0,1,0.8775356088929007
1,3,74.6,239.05,False,True,False,True,False,False,True,False,False,False,False,True,False,False,False,False,False,False,False,False,False,False,True,False,False,False,0,1,0.7915351358791082
0,1,21.0,21.0,False,True,True,True,False,False,False,True,True,False,True,False,True,False,True,False,True,False,True,False,False,False,True,False,True,False,1,0,0.4772215755193174
0,8,65.45,554.45,False,False,False,True,False,False,False,False,False,False,False,True,False,False,False,True,False,True,False,False,False,False,True,False,True,False,0,1,0.6266911307267864
0,33,24.5,740.3,False,True,True,True,False,True,False,True,True,False,True,False,True,False,True,False,True,False,True,False,False,True,True,False,False,True,1,0,0.048917214434476476
0,4,56.5,235.1,False,True,True,True,False,False,False,False,False,False,False,True,False,False,False,True,False,False,False,False,False,False,False,False,False,True,1,0,0.37451822922164224
0,7,19.25,112.3,True,False,False,True,False,False,False,True,True,False,True,False,True,False,True,False,True,False,True,False,False,False,False,False,True,False,1,0,0.4068029143293907
0,13,49.15,649.4,False,False,False,False,True,False,False,False,False,False,False,False,False,True,False,False,False,True,False,True,False,False,False,False,True,False,0,1,0.755721385550788
1,54,90.05,4931.8,True,False,False,True,False,True,True,False,False,False,False,True,False,False,False,False,False,False,False,True,False,False,True,False,True,False,0,1,0.7267800661612739
0,31,55.25,1715.65,True,False,False,True,False,False,False,False,False,False,False,False,False,True,False,True,False,False,False,False,False,False,True,False,True,False,1,0,0.4318604320707724
0,8,66.65,520.95,True,False,False,True,False,False,False,False,False,False,False,True,False,False,False,True,False,True,False,False,False,False,True,False,True,False,0,1,0.629725802537224
1,25,88.4,2191.15,False,True,False,True,False,False,True,False,False,False,False,True,False,True,False,False,False,False,False,True,False,False,False,False,False,False,0,1,0.6481554753678928
1,13,45.3,528.45,False,True,False,False,True,False,False,False,False,False,False,False,False,False,False,False,False,True,False,True,False,False,False,False,True,False,0,1,0.7818732363982928
0,20,96.55,1901.65,False,True,False,True,False,False,True,False,False,True,False,True,False,False,False,True,False,True,False,False,False,False,True,False,True,False,0,1,0.6151218351161315
0,11,90.6,1020.2,True,True,True,True,False,False,True,False,False,False,False,False,False,False,False,False,False,True,False,True,False,False,False,False,True,False,0,1,0.7964400552417832
1,57,89.85,4925.35,True,True,False,True,False,True,True,False,False,False,False,True,False,False,False,False,False,False,False,True,False,False,True,False,True,False,0,1,0.696138212070271
0,5,53.8,283.95,False,False,False,True,False,True,False,False,False,True,False,False,False,False,False,False,False,False,False,False,False,False,True,False,True,False,0,1,0.6984074106712157
1,20,91.0,1859.5,False,True,False,True,False,False,True,False,False,False,False,False,False,False,False,False,False,True,False,True,True,False,True,False,False,False,0,1,0.6712627023297012
0,48,95.4,4445.3,True,False,False,True,False,True,True,False,False,True,False,False,False,False,False,True,False,False,False,True,False,False,True,False,True,False,0,1,0.5946604045074557
0,28,91.0,2626.15,True,False,False,True,False,False,True,False,False,False,False,False,False,True,False,True,False,False,False,True,False,False,False,False,True,False,0,1,0.654433787215304
0,15,48.85,736.8,False,False,False,True,False,False,False,False,False,False,False,True,False,False,False,False,False,False,False,False,False,False,False,False,True,False,0,1,0.5264454470482691
0,5,25.9,135.0,True,True,True,True,False,True,False,True,True,False,True,False,True,False,True,False,True,False,True,False,False,False,True,False,False,False,1,0,0.40805491783657427
1,55,74.0,4052.4,True,True,False,True,False,True,True,False,False,False,False,False,False,False,False,False,False,False,False,False,False,False,True,False,True,False,0,1,0.6540535576847953
0,2,79.55,151.75,False,False,False,True,False,True,True,False,False,False,False,True,False,False,False,False,False,False,False,False,False,False,False,False,True,False,0,1,0.8111124739610779
0,36,80.4,2937.65,False,True,False,True,False,False,True,False,False,False,False,False,False,False,False,False,False,False,False,True,False,False,False,False,True,False,0,1,0.671159236882062
0,7,69.9,497.3,False,False,False,True,False,False,True,False,False,False,False,False,False,False,False,False,False,False,False,False,False,False,True,False,False,True,0,1,0.7865169694067864
1,32,90.95,2897.95,False,False,False,True,False,False,True,False,False,False,False,False,False,False,False,False,False,True,False,True,False,False,False,False,True,False,0,1,0.7636114229564137
0,2,50.3,92.75,True,False,False,True,False,False,False,False,False,False,False,True,False,False,False,False,False,False,False,False,False,False,True,False,False,True,0,1,0.6558393987759243
0,32,98.85,3145.9,True,True,False,True,False,True,True,False,False,False,False,True,False,False,False,False,False,True,False,True,False,False,True,True,False,False,0,1,0.7719340869242214
0,21,103.85,2215.0,True,False,False,True,False,True,True,False,False,True,False,False,False,True,False,False,False,True,False,True,False,False,False,False,False,True,0,1,0.7089479289141998
1,14,75.1,1013.35,True,True,False,True,False,True,True,False,False,False,False,False,False,False,False,False,False,False,False,False,False,False,True,False,True,False,0,1,0.86251842758584
0,21,68.65,1493.2,False,False,False,True,False,False,True,False,False,False,False,False,False,False,False,False,False,False,False,False,False,False,True,False,True,False,0,1,0.774972861231238
0,1,20.1,20.1,True,False,False,True,False,False,False,True,True,False,True,False,True,False,True,False,True,False,True,False,False,False,False,False,False,True,1,0,0.3875742243152341
0,70,115.65,7968.85,True,True,False,True,False,True,True,False,False,True,False,True,False,True,False,True,False,True,False,True,True,False,False,True,False,False,1,0,0.1907694594257028
0,40,83.85,3532.25,False,False,False,True,False,True,True,False,False,False,False,False,False,False,False,False,False,False,False,True,False,False,False,False,False,False,0,1,0.6336665066308864
0,6,49.5,312.7,True,False,False,True,False,False,False,False,False,False,False,False,False,False,False,True,False,False,False,False,False,False,True,True,False,False,0,1,0.5708154872717851
1,40,103.75,4188.4,False,False,False,True,False,True,True,False,False,False,False,False,False,True,False,True,False,True,False,True,True,False,True,True,False,False,0,1,0.5477117340620039
0,36,94.8,3565.65,False,False,False,True,False,False,True,False,False,False,False,True,False,False,False,False,False,True,False,True,False,False,True,True,False,False,0,1,0.697448376316484
0,8,74.85,572.45,True,False,False,True,False,True,True,False,False,False,False,False,False,False,False,False,False,False,False,False,False,False,True,False,True,False,0,1,0.8679633603045485
0,12,61.65,713.75,False,False,False,True,False,True,False,False,False,True,False,False,False,True,False,True,False,False,False,False,False,False,True,False,False,True,1,0,0.4753705323038364
0,14,105.95,1348.9,False,True,False,True,False,False,True,False,False,True,False,True,False,False,False,True,False,True,False,True,True,False,False,False,False,True,1,0,0.36174377470570046
0,19,88.8,1672.35,True,True,False,True,False,True,True,False,False,True,False,True,False,False,False,True,False,False,False,False,False,False,True,True,False,False,0,1,0.5682261260638434
0,18,87.9,1500.5,True,True,True,True,False,False,True,False,False,True,False,False,False,True,False,False,False,True,False,False,False,False,True,False,False,True,0,1,0.6208601524319429
0,19,24.85,434.8,False,True,True,False,True,False,False,False,False,False,False,False,False,False,False,False,False,False,False,False,False,False,True,False,False,True,0,1,0.550265575582021
1,20,89.95,1648.45,True,False,False,True,False,False,True,False,False,False,False,False,False,False,False,False,False,True,False,True,False,False,False,False,True,False,0,1,0.8199419103163238
0,31,19.55,658.95,False,True,True,True,False,False,False,True,True,False,True,False,True,False,True,False,True,False,True,False,False,False,True,False,False,True,1,0,0.15463571263285483
0,24,55.65,1400.55,True,False,False,True,False,True,False,False,False,True,False,False,False,False,False,False,False,False,False,False,False,False,True,False,False,False,1,0,0.4518184968717102
0,1,59.55,59.55,True,False,True,True,False,False,False,False,False,False,False,False,False,False,False,True,False,False,False,True,False,False,True,False,False,True,0,1,0.630235696570426
0,39,100.0,3835.55,True,True,True,True,False,True,True,False,False,False,False,False,False,True,False,False,False,True,False,True,True,False,False,False,True,False,0,1,0.5323859644897855
0,33,91.25,2964.05,True,True,False,True,False,False,True,False,False,False,False,False,False,False,False,False,False,True,False,True,False,False,False,False,True,False,0,1,0.7380259139276719
0,24,88.95,2072.75,False,False,False,True,False,True,True,False,False,False,False,False,False,True,False,False,False,True,False,False,False,False,True,True,False,False,0,1,0.7559027869677724
1,54,82.45,4350.1,False,False,False,True,False,True,False,False,False,True,False,True,False,False,False,True,False,True,False,True,True,False,False,False,False,False,1,0,0.11807551110834544
0,8,54.75,438.05,True,False,False,True,False,False,False,False,False,False,False,False,False,False,False,False,False,False,False,True,False,False,True,True,False,False,0,1,0.6993880058847518
1,35,91.0,3180.5,True,False,False,True,False,True,True,False,False,True,False,False,False,False,False,False,False,False,False,True,False,False,False,True,False,False,0,1,0.6009353373915781
0,1,55.25,55.25,True,False,False,True,False,False,False,False,False,False,False,False,False,False,False,False,False,False,False,True,False,False,True,False,True,False,0,1,0.813297657405847
0,1,20.1,20.1,True,False,False,True,False,False,False,True,True,False,True,False,True,False,True,False,True,False,True,False,False,False,True,False,False,True,1,0,0.4808903897972666
0,40,55.25,2139.2,True,False,True,True,False,False,False,False,False,True,False,True,False,False,False,False,False,False,False,False,False,False,True,False,False,True,1,0,0.1990299578752857
0,2,91.45,171.45,True,True,False,True,False,True,True,False,False,False,False,False,False,True,False,False,False,True,False,False,False,False,True,False,True,False,0,1,0.8905706129176839
0,10,56.75,503.25,True,False,False,True,False,False,False,False,False,False,False,False,False,False,False,False,False,False,False,True,False,False,True,False,False,False,0,1,0.6711452068946975
0,1,45.3,45.3,False,False,False,True,False,False,False,False,False,False,False,False,False,False,False,False,False,False,False,False,False,False,False,False,False,True,0,1,0.606782928581853
0,48,45.3,2145.0,False,True,False,False,True,False,False,False,False,True,False,False,False,True,False,False,False,False,False,True,False,False,True,False,False,False,1,0,0.30518974502895707
0,13,80.0,1029.35,False,False,False,True,False,True,True,False,False,True,False,False,False,False,False,False,False,False,False,False,False,False,True,True,False,False,0,1,0.7049810609223134
0,22,100.65,2415.95,True,False,False,True,False,True,True,False,False,False,False,True,False,False,False,False,False,True,False,True,False,False,True,False,True,False,0,1,0.8670078025108222
0,63,99.9,6137.0,False,False,False,True,False,True,True,False,False,False,False,True,False,False,False,False,False,True,False,True,True,False,False,False,False,False,1,0,0.3224303060173577
0,1,19.75,19.75,True,False,False,True,False,False,False,True,True,False,True,False,True,False,True,False,True,False,True,False,False,False,False,False,False,True,1,0,0.3896943210854469
0,7,25.05,189.95,False,False,False,False,True,False,False,False,False,False,False,False,False,False,False,False,False,False,False,False,False,False,False,False,False,False,0,1,0.6345046839999874
0,42,100.3,4222.95,True,False,False,True,False,True,True,False,False,False,False,False,False,False,False,True,False,True,False,True,False,False,True,False,True,False,0,1,0.7674180608276331
1,2,56.55,118.25,False,False,False,True,False,True,False,False,False,False,False,True,False,False,False,False,False,False,False,False,False,False,True,True,False,False,0,1,0.7050891559455651
0,18,80.55,1406.65,True,False,True,True,False,True,True,False,False,False,False,False,False,True,False,False,False,False,False,False,False,False,True,True,False,False,0,1,0.703089103073635
0,41,80.25,3439.0,True,True,False,True,False,True,True,False,False,False,False,True,False,False,False,False,False,False,False,False,False,False,True,False,True,False,0,1,0.6909077848510805
0,10,65.5,616.9,False,True,True,True,False,False,False,False,False,False,False,True,False,False,False,True,False,False,False,True,False,False,True,False,True,False,0,1,0.5739235563949877
0,11,35.65,425.1,True,False,False,False,True,False,False,False,False,False,False,True,False,False,False,True,False,False,False,False,False,False,True,False,True,False,0,1,0.6634766806078057
0,9,75.85,724.65,True,False,False,True,False,True,True,False,False,False,False,False,False,False,False,False,False,False,False,False,False,False,True,False,True,False,0,1,0.8638738954621951
1,2,84.05,186.05,False,False,False,True,False,True,True,False,False,False,False,False,False,False,False,False,False,False,False,True,False,False,True,False,True,False,0,1,0.9213351579579435
0,1,70.7,70.7,False,False,False,True,False,False,True,False,False,False,False,False,False,False,False,False,False,False,False,False,False,False,True,False,False,True,0,1,0.8127358844747045
0,1,20.2,20.2,False,False,False,True,False,False,False,True,True,False,True,False,True,False,True,False,True,False,True,False,False,False,True,False,False,False,1,0,0.4517169710026491
1,63,89.6,5538.8,False,False,False,True,False,True,True,False,False,False,False,False,False,True,False,False,False,False,False,True,False,False,True,False,False,False,0,1,0.5931471607281729
1,34,96.35,3190.25,False,False,False,True,False,True,True,False,False,False,False,True,False,False,False,True,False,True,False,False,False,False,True,False,True,False,0,1,0.7166740731436534
1,7,75.4,533.05,True,True,False,True,False,True,True,False,False,False,False,False,False,False,False,False,False,False,False,False,False,False,True,False,True,False,0,1,0.885783524288547
0,7,94.05,633.45,False,False,False,True,False,False,True,False,False,False,False,True,False,False,False,False,False,True,False,True,True,False,True,False,False,True,0,1,0.6943220874411423
0,48,103.25,5037.55,False,True,True,True,False,True,True,False,False,True,False,True,False,False,False,False,False,True,False,True,True,False,True,True,False,False,1,0,0.3607823206665889
0,1,25.85,25.85,False,False,False,False,True,False,False,False,False,False,False,False,False,False,False,False,False,False,False,False,True,False,False,False,False,True,0,1,0.5211963099443284
0,18,74.15,1387.0,True,False,False,True,False,True,True,False,False,False,False,False,False,False,False,False,False,False,False,False,False,False,False,False,False,True,0,1,0.7128472127994351
1,72,92.45,6440.25,False,True,True,True,False,True,False,False,False,True,False,True,False,True,False,True,False,True,False,True,False,True,False,True,False,False,1,0,0.030013597374023895
0,43,99.3,4209.95,False,True,True,True,False,True,True,False,False,False,False,False,False,True,False,False,False,True,False,True,False,False,True,False,False,False,0,1,0.6782243683147446
0,31,80.45,2429.1,True,False,False,True,False,True,True,False,False,False,False,True,False,False,False,False,False,False,False,False,False,False,True,False,True,False,0,1,0.7374739179539578
0,3,89.85,244.45,True,False,False,True,False,False,True,False,False,False,False,False,False,True,False,True,False,True,False,False,False,False,True,False,False,True,0,1,0.7677298609805562
0,55,54.55,2978.3,True,True,False,False,True,False,False,False,False,False,False,False,False,True,False,True,False,True,False,True,False,False,True,False,False,False,1,0,0.3385235561775436
0,7,50.3,355.1,False,True,False,True,False,False,False,False,False,True,False,False,False,False,False,False,False,False,False,False,False,False,True,False,False,False,0,1,0.5248719475812205
0,15,83.2,1130.0,False,False,False,True,False,False,True,False,False,False,False,True,False,False,False,False,False,True,False,False,False,False,True,False,False,False,0,1,0.7324905473696144
0,6,49.15,295.65,True,True,True,True,False,False,False,False,False,True,False,False,False,False,False,False,False,False,False,False,False,False,True,False,True,False,0,1,0.5849910661283662
0,55,57.55,3046.4,True,True,True,True,False,False,False,False,False,True,False,True,False,False,False,True,False,False,False,False,False,True,False,False,False,False,1,0,0.01708752708218086
0,1,49.9,49.9,False,False,False,True,False,False,False,False,False,False,False,False,False,False,False,True,False,False,False,False,False,False,True,False,True,False,0,1,0.6888959144301586
0,29,94.2,2607.6,True,False,False,True,False,False,True,False,False,False,False,False,False,False,False,True,False,True,False,True,False,False,True,False,True,False,0,1,0.771418286017918
0,1,24.2,24.2,True,False,True,False,True,False,False,False,False,False,False,False,False,False,False,False,False,False,False,False,False,False,False,False,False,True,0,1,0.6628623570626975
0,9,74.85,708.2,False,False,False,True,False,False,True,False,False,True,False,False,False,False,False,False,False,False,False,False,False,False,True,False,True,False,0,1,0.761138833102002
0,6,87.95,522.35,True,False,False,True,False,True,True,False,False,False,False,False,False,False,False,True,False,False,False,True,False,False,True,False,False,False,0,1,0.8223936469175539
0,12,84.6,1017.35,False,False,False,True,False,False,True,False,False,False,False,True,False,False,False,False,False,False,False,True,False,False,True,False,True,False,0,1,0.8341870368512431
0,11,75.9,866.4,True,False,False,True,False,False,True,False,False,False,False,True,False,False,False,False,False,False,False,False,False,False,True,False,False,True,0,1,0.7397085845558827
0,40,78.85,3126.85,False,True,False,True,False,True,True,False,False,False,False,False,False,False,False,True,False,False,False,False,False,False,True,True,False,False,0,1,0.5459477857742145
0,17,83.55,1329.15,False,False,False,True,False,False,True,False,False,False,False,True,False,False,False,False,False,True,False,False,False,False,True,False,True,False,0,1,0.7932015860670443
0,44,111.5,4915.15,True,False,False,True,False,True,True,False,False,True,False,True,False,True,False,False,False,True,False,True,False,False,True,False,True,False,0,1,0.7150701064659204
0,49,100.6,5069.65,True,False,True,True,False,True,True,False,False,False,False,False,False,False,False,True,False,True,False,True,True,False,True,False,False,False,1,0,0.4117840540068124
0,26,92.4,2349.8,True,False,False,True,False,True,True,False,False,True,False,True,False,False,False,False,False,True,False,False,False,False,True,True,False,False,0,1,0.6560428118844553
0,8,90.25,743.75,False,True,False,True,False,True,True,False,False,False,False,False,False,False,False,True,False,False,False,True,False,False,True,False,True,False,0,1,0.8542013025563902
1,4,83.25,308.05,False,True,False,True,False,True,True,False,False,False,False,False,False,False,False,False,False,True,False,False,False,False,True,False,True,False,0,1,0.9069234287113038
1,8,19.65,164.3,False,False,False,True,False,False,False,True,True,False,True,False,True,False,True,False,True,False,True,False,False,False,False,False,True,False,1,0,0.41803442681502917
0,7,94.1,701.3,True,False,False,True,False,True,True,False,False,False,False,False,False,False,False,False,False,True,False,True,False,False,True,False,True,False,0,1,0.916181601313157
0,33,70.4,2406.1,False,False,False,True,False,False,True,False,False,False,False,False,False,False,False,False,False,False,False,False,False,False,True,False,False,False,0,1,0.6096230214087013
1,53,95.85,5016.25,False,True,False,True,False,True,True,False,False,False,False,False,False,False,False,False,False,True,False,True,True,False,True,True,False,False,0,1,0.5344235943150923
0,4,55.3,238.5,True,False,False,True,False,False,False,False,False,False,False,False,False,False,False,False,False,False,False,True,False,False,True,False,False,True,0,1,0.7387775285143504
0,32,85.65,2664.3,True,False,False,True,False,True,True,False,False,False,False,False,False,False,False,False,False,False,False,True,False,False,True,False,False,False,0,1,0.7507844538520783
0,54,106.55,5763.3,False,True,False,True,False,True,True,False,False,True,False,True,False,False,False,False,False,True,False,True,True,False,False,False,False,False,1,0,0.29383201142871734
0,31,83.85,2674.15,False,True,False,True,False,False,True,False,False,False,False,True,False,False,False,False,False,False,False,True,False,False,True,False,False,False,0,1,0.6756474186433062
0,35,72.25,2568.55,False,True,True,True,False,True,False,False,False,True,False,False,False,True,False,True,False,True,False,False,False,False,False,False,True,False,1,0,0.27945359403207787
0,45,105.15,4730.9,False,True,True,True,False,True,True,False,False,True,False,True,False,False,False,False,False,True,False,True,False,False,True,False,True,False,0,1,0.6463529420760389
0,20,69.8,1540.35,False,True,False,True,False,False,True,False,False,False,False,False,False,False,False,False,False,False,False,False,False,False,True,False,False,False,0,1,0.7050530238369053
0,1,19.9,19.9,False,False,False,True,False,False,False,True,True,False,True,False,True,False,True,False,True,False,True,False,False,False,False,False,False,True,1,0,0.3763407840181268
0,8,49.55,393.45,True,True,False,True,False,False,False,False,False,False,False,True,False,False,False,False,False,False,False,False,False,False,True,False,False,False,0,1,0.5938674954049524
0,1,20.2,20.2,True,False,False,True,False,False,False,True,True,False,True,False,True,False,True,False,True,False,True,False,False,False,True,False,False,False,1,0,0.46479627513159616
0,23,98.7,2249.1,False,False,False,True,False,True,True,False,False,False,False,True,False,False,False,False,False,True,False,True,False,False,True,True,False,False,0,1,0.7996938577557705
0,24,79.65,1928.7,False,True,False,True,False,True,True,False,False,False,False,False,False,True,False,False,False,False,False,False,False,False,True,False,False,True,0,1,0.7305942428477038
0,1,44.0,44.0,True,False,False,True,False,False,False,False,False,False,False,False,False,False,False,False,False,False,False,False,False,False,False,False,True,False,0,1,0.7006112249995547
0,12,89.55,1021.75,True,False,False,True,False,True,True,False,False,False,False,False,False,True,False,False,False,True,False,False,False,False,True,False,True,False,0,1,0.8675347031611425
1,23,90.45,2117.25,True,True,False,True,False,False,True,False,False,False,False,False,False,False,False,False,False,True,False,True,False,False,True,False,True,False,0,1,0.8646248769658691
0,57,70.1,3913.3,False,True,True,True,False,False,False,False,False,True,False,False,False,False,False,False,False,True,False,True,True,False,True,False,False,False,1,0,0.11386779307301231
0,3,29.9,92.25,True,True,False,False,True,False,False,False,False,False,False,False,False,False,False,True,False,False,False,False,False,False,True,False,True,False,0,1,0.7662155998723325
0,5,46.0,221.7,False,False,True,True,False,False,False,False,False,False,False,False,False,False,False,False,False,False,False,False,False,False,False,False,False,True,1,0,0.4998818266100413
1,35,70.55,2419.0,False,False,False,True,False,False,True,False,False,False,False,False,False,False,False,False,False,False,False,False,False,False,False,False,True,False,0,1,0.6231902653203705
1,45,86.1,3861.45,False,True,False,True,False,False,True,False,False,False,False,False,False,True,False,False,False,False,False,True,False,False,True,False,True,False,0,1,0.721350462790361
0,10,54.25,583.0,False,False,False,True,False,False,False,False,False,False,False,False,False,True,False,True,False,False,False,False,False,False,False,False,True,False,0,1,0.5144510118765327
1,43,94.3,3953.15,True,True,False,True,False,True,True,False,False,False,False,True,False,False,False,True,False,True,False,False,False,False,True,False,True,False,0,1,0.6866386575041542
1,29,79.3,2414.55,True,True,False,True,False,True,True,False,False,False,False,False,False,False,False,True,False,False,False,False,False,False,True,False,True,False,0,1,0.7543038483444843
0,19,69.6,1394.55,True,False,False,True,False,True,False,False,False,False,False,False,False,False,False,False,False,True,False,True,False,False,False,False,False,True,0,1,0.6455589501963412
0,55,73.1,4144.9,False,False,False,True,False,True,True,False,False,False,False,False,False,False,False,False,False,False,False,False,False,False,True,False,True,False,0,1,0.6203984874908346
0,13,71.95,923.85,False,False,False,True,False,False,False,False,False,True,False,False,False,False,False,False,False,True,False,True,False,False,True,False,True,False,0,1,0.6711023935630843
1,56,101.05,5594.0,True,False,False,True,False,True,True,False,False,False,False,False,False,True,False,False,False,True,False,True,False,False,True,False,True,False,0,1,0.7827107403424767
1,24,80.5,2088.45,True,False,False,True,False,True,True,False,False,False,False,True,False,False,False,False,False,False,False,False,False,False,True,False,True,False,0,1,0.807375570654043
0,45,107.75,4882.8,True,True,False,True,False,True,True,False,False,False,False,True,False,True,False,False,False,True,False,True,False,False,True,False,False,False,0,1,0.7039812243738609
0,61,114.1,7132.15,True,True,False,True,False,True,True,False,False,False,False,True,False,True,False,True,False,True,False,True,False,False,True,False,True,False,0,1,0.6596970041279933
0,4,50.8,202.3,True,False,False,True,False,False,False,False,False,False,False,False,False,False,False,True,False,False,False,False,False,False,True,False,False,True,0,1,0.595249166113044
1,4,72.75,317.75,False,False,False,True,False,False,True,False,False,False,False,True,False,False,False,False,False,False,False,False,False,False,False,False,True,False,0,1,0.7972712996337834
0,39,48.95,1880.85,True,False,False,False,True,False,False,False,False,True,False,True,False,False,False,True,False,True,False,False,False,False,True,True,False,False,1,0,0.27482422424310393
0,7,66.85,458.1,False,False,False,True,False,False,False,False,False,False,False,False,False,False,False,False,False,True,False,True,False,False,True,False,True,False,0,1,0.7897534170249213
0,5,40.0,223.45,True,False,False,False,True,False,False,False,False,True,False,False,False,True,False,True,False,False,False,False,False,False,False,False,False,True,1,0,0.4778846841910952
1,20,60.0,1259.35,False,True,False,True,False,False,False,False,False,False,False,True,False,False,False,False,False,False,False,True,False,False,True,False,True,False,0,1,0.6807922918144519
0,21,99.15,1956.4,False,False,False,True,False,False,True,False,False,False,False,True,False,False,False,True,False,True,False,True,False,False,True,False,False,False,0,1,0.6922911764686402
0,30,100.4,2936.25,True,False,False,True,False,True,True,False,False,True,False,False,False,False,False,False,False,True,False,True,False,False,True,False,False,False,0,1,0.7275522918495892
0,30,51.2,1561.5,False,True,True,False,True,False,False,False,False,False,False,False,False,False,False,True,False,True,False,True,False,False,False,True,False,False,1,0,0.3817813943578889
